{
    "type": "GUJCET-Mathematics",
    "name": "GUJCET Mock Test - Mathematics",
    "duration": "3:00",
    "start_date": "04-02-2024",
    "end_date": "05-02-2024",
    "correct_ans_mark": 1,
    "wrong_ans_mark": -0.25,
    "total_marks": 120,
    "progress": 0,
    "total_que": 120,
    "attempted": 0,
    "not_attempted": 0,
    "mark_for_reviewed": 0,
    "total_subjects": [
        {
            "title": "Physics",
            "marks": 40,
            "total_no_of_que": 40,
            "attempted_que": 0,
            "progress": 0
        },
        {
            "title": "Chemistry",
            "marks": 40,
            "total_no_of_que": 40,
            "attempted_que": 0,
            "progress": 0
        },
        {
            "title": "Mathematics",
            "marks": 40,
            "total_no_of_que": 40,
            "attempted_que": 0,
            "progress": 0
        }
    ],
    "questions": [
        {
            "question_no": 1,
            "subject": "Physics",
            "root_id": "_QUE_QN1",
            "selected_answer_id": "",
            "selected_answer": "",
            "marked_for_review": false,
            "attempted": false
        },
        {
            "question_no": 2,
            "subject": "Physics",
            "root_id": "_QUE_QN2",
            "selected_answer_id": "",
            "selected_answer": "",
            "marked_for_review": false,
            "attempted": false
        },
        {
            "question_no": 3,
            "subject": "Physics",
            "root_id": "_QUE_QN3",
            "selected_answer_id": "",
            "selected_answer": "",
            "marked_for_review": false,
            "attempted": false
        },
        {
            "question_no": 4,
            "subject": "Physics",
            "root_id": "_QUE_QN4",
            "selected_answer_id": "",
            "selected_answer": "",
            "marked_for_review": false,
            "attempted": false
        },
        {
            "question_no": 5,
            "subject": "Physics",
            "root_id": "_QUE_QN5",
            "selected_answer_id": "",
            "selected_answer": "",
            "marked_for_review": false,
            "attempted": false
        },
        {
            "question_no": 6,
            "subject": "Physics",
            "root_id": "_QUE_QN6",
            "selected_answer_id": "",
            "selected_answer": "",
            "marked_for_review": false,
            "attempted": false
        },
        {
            "question_no": 7,
            "subject": "Physics",
            "root_id": "_QUE_QN7",
            "selected_answer_id": "",
            "selected_answer": "",
            "marked_for_review": false,
            "attempted": false
        },
        {
            "question_no": 8,
            "subject": "Physics",
            "root_id": "_QUE_QN8",
            "selected_answer_id": "",
            "selected_answer": "",
            "marked_for_review": false,
            "attempted": false
        },
        {
            "question_no": 9,
            "subject": "Physics",
            "root_id": "_QUE_QN9",
            "selected_answer_id": "",
            "selected_answer": "",
            "marked_for_review": false,
            "attempted": false
        },
        {
            "question_no": 10,
            "subject": "Physics",
            "root_id": "_QUE_QN10",
            "selected_answer_id": "",
            "selected_answer": "",
            "marked_for_review": false,
            "attempted": false
        },
        {
            "question_no": 11,
            "subject": "Physics",
            "root_id": "_QUE_QN11",
            "selected_answer_id": "",
            "selected_answer": "",
            "marked_for_review": false,
            "attempted": false
        },
        {
            "question_no": 12,
            "subject": "Physics",
            "root_id": "_QUE_QN12",
            "selected_answer_id": "",
            "selected_answer": "",
            "marked_for_review": false,
            "attempted": false
        },
        {
            "question_no": 13,
            "subject": "Physics",
            "root_id": "_QUE_QN13",
            "selected_answer_id": "",
            "selected_answer": "",
            "marked_for_review": false,
            "attempted": false
        },
        {
            "question_no": 14,
            "subject": "Physics",
            "root_id": "_QUE_QN14",
            "selected_answer_id": "",
            "selected_answer": "",
            "marked_for_review": false,
            "attempted": false
        },
        {
            "question_no": 15,
            "subject": "Physics",
            "root_id": "_QUE_QN15",
            "selected_answer_id": "",
            "selected_answer": "",
            "marked_for_review": false,
            "attempted": false
        },
        {
            "question_no": 16,
            "subject": "Physics",
            "root_id": "_QUE_QN16",
            "selected_answer_id": "",
            "selected_answer": "",
            "marked_for_review": false,
            "attempted": false
        },
        {
            "question_no": 17,
            "subject": "Physics",
            "root_id": "_QUE_QN17",
            "selected_answer_id": "",
            "selected_answer": "",
            "marked_for_review": false,
            "attempted": false
        },
        {
            "question_no": 18,
            "subject": "Physics",
            "root_id": "_QUE_QN18",
            "selected_answer_id": "",
            "selected_answer": "",
            "marked_for_review": false,
            "attempted": false
        },
        {
            "question_no": 19,
            "subject": "Physics",
            "root_id": "_QUE_QN19",
            "selected_answer_id": "",
            "selected_answer": "",
            "marked_for_review": false,
            "attempted": false
        },
        {
            "question_no": 20,
            "subject": "Physics",
            "root_id": "_QUE_QN20",
            "selected_answer_id": "",
            "selected_answer": "",
            "marked_for_review": false,
            "attempted": false
        },
        {
            "question_no": 21,
            "subject": "Physics",
            "root_id": "_QUE_QN21",
            "selected_answer_id": "",
            "selected_answer": "",
            "marked_for_review": false,
            "attempted": false
        },
        {
            "question_no": 22,
            "subject": "Physics",
            "root_id": "_QUE_QN22",
            "selected_answer_id": "",
            "selected_answer": "",
            "marked_for_review": false,
            "attempted": false
        },
        {
            "question_no": 23,
            "subject": "Physics",
            "root_id": "_QUE_QN23",
            "selected_answer_id": "",
            "selected_answer": "",
            "marked_for_review": false,
            "attempted": false
        },
        {
            "question_no": 24,
            "subject": "Physics",
            "root_id": "_QUE_QN24",
            "selected_answer_id": "",
            "selected_answer": "",
            "marked_for_review": false,
            "attempted": false
        },
        {
            "question_no": 25,
            "subject": "Physics",
            "root_id": "_QUE_QN25",
            "selected_answer_id": "",
            "selected_answer": "",
            "marked_for_review": false,
            "attempted": false
        },
        {
            "question_no": 26,
            "subject": "Physics",
            "root_id": "_QUE_QN26",
            "selected_answer_id": "",
            "selected_answer": "",
            "marked_for_review": false,
            "attempted": false
        },
        {
            "question_no": 27,
            "subject": "Physics",
            "root_id": "_QUE_QN27",
            "selected_answer_id": "",
            "selected_answer": "",
            "marked_for_review": false,
            "attempted": false
        },
        {
            "question_no": 28,
            "subject": "Physics",
            "root_id": "_QUE_QN28",
            "selected_answer_id": "",
            "selected_answer": "",
            "marked_for_review": false,
            "attempted": false
        },
        {
            "question_no": 29,
            "subject": "Physics",
            "root_id": "_QUE_QN29",
            "selected_answer_id": "",
            "selected_answer": "",
            "marked_for_review": false,
            "attempted": false
        },
        {
            "question_no": 30,
            "subject": "Physics",
            "root_id": "_QUE_QN30",
            "selected_answer_id": "",
            "selected_answer": "",
            "marked_for_review": false,
            "attempted": false
        },
        {
            "question_no": 31,
            "subject": "Physics",
            "root_id": "_QUE_QN31",
            "selected_answer_id": "",
            "selected_answer": "",
            "marked_for_review": false,
            "attempted": false
        },
        {
            "question_no": 32,
            "subject": "Physics",
            "root_id": "_QUE_QN32",
            "selected_answer_id": "",
            "selected_answer": "",
            "marked_for_review": false,
            "attempted": false
        },
        {
            "question_no": 33,
            "subject": "Physics",
            "root_id": "_QUE_QN33",
            "selected_answer_id": "",
            "selected_answer": "",
            "marked_for_review": false,
            "attempted": false
        },
        {
            "question_no": 34,
            "subject": "Physics",
            "root_id": "_QUE_QN34",
            "selected_answer_id": "",
            "selected_answer": "",
            "marked_for_review": false,
            "attempted": false
        },
        {
            "question_no": 35,
            "subject": "Physics",
            "root_id": "_QUE_QN35",
            "selected_answer_id": "",
            "selected_answer": "",
            "marked_for_review": false,
            "attempted": false
        },
        {
            "question_no": 36,
            "subject": "Physics",
            "root_id": "_QUE_QN36",
            "selected_answer_id": "",
            "selected_answer": "",
            "marked_for_review": false,
            "attempted": false
        },
        {
            "question_no": 37,
            "subject": "Physics",
            "root_id": "_QUE_QN37",
            "selected_answer_id": "",
            "selected_answer": "",
            "marked_for_review": false,
            "attempted": false
        },
        {
            "question_no": 38,
            "subject": "Physics",
            "root_id": "_QUE_QN38",
            "selected_answer_id": "",
            "selected_answer": "",
            "marked_for_review": false,
            "attempted": false
        },
        {
            "question_no": 39,
            "subject": "Physics",
            "root_id": "_QUE_QN39",
            "selected_answer_id": "",
            "selected_answer": "",
            "marked_for_review": false,
            "attempted": false
        },
        {
            "question_no": 40,
            "subject": "Physics",
            "root_id": "_QUE_QN40",
            "selected_answer_id": "",
            "selected_answer": "",
            "marked_for_review": false,
            "attempted": false
        },
        {
            "question_no": 41,
            "subject": "Chemistry",
            "root_id": "_QUE_QN41",
            "selected_answer_id": "",
            "selected_answer": "",
            "marked_for_review": false,
            "attempted": false
        },
        {
            "question_no": 42,
            "subject": "Chemistry",
            "root_id": "_QUE_QN42",
            "selected_answer_id": "",
            "selected_answer": "",
            "marked_for_review": false,
            "attempted": false
        },
        {
            "question_no": 43,
            "subject": "Chemistry",
            "root_id": "_QUE_QN43",
            "selected_answer_id": "",
            "selected_answer": "",
            "marked_for_review": false,
            "attempted": false
        },
        {
            "question_no": 44,
            "subject": "Chemistry",
            "root_id": "_QUE_QN44",
            "selected_answer_id": "",
            "selected_answer": "",
            "marked_for_review": false,
            "attempted": false
        },
        {
            "question_no": 45,
            "subject": "Chemistry",
            "root_id": "_QUE_QN45",
            "selected_answer_id": "",
            "selected_answer": "",
            "marked_for_review": false,
            "attempted": false
        },
        {
            "question_no": 46,
            "subject": "Chemistry",
            "root_id": "_QUE_QN46",
            "selected_answer_id": "",
            "selected_answer": "",
            "marked_for_review": false,
            "attempted": false
        },
        {
            "question_no": 47,
            "subject": "Chemistry",
            "root_id": "_QUE_QN47",
            "selected_answer_id": "",
            "selected_answer": "",
            "marked_for_review": false,
            "attempted": false
        },
        {
            "question_no": 48,
            "subject": "Chemistry",
            "root_id": "_QUE_QN48",
            "selected_answer_id": "",
            "selected_answer": "",
            "marked_for_review": false,
            "attempted": false
        },
        {
            "question_no": 49,
            "subject": "Chemistry",
            "root_id": "_QUE_QN49",
            "selected_answer_id": "",
            "selected_answer": "",
            "marked_for_review": false,
            "attempted": false
        },
        {
            "question_no": 50,
            "subject": "Chemistry",
            "root_id": "_QUE_QN50",
            "selected_answer_id": "",
            "selected_answer": "",
            "marked_for_review": false,
            "attempted": false
        },
        {
            "question_no": 51,
            "subject": "Chemistry",
            "root_id": "_QUE_QN51",
            "selected_answer_id": "",
            "selected_answer": "",
            "marked_for_review": false,
            "attempted": false
        },
        {
            "question_no": 52,
            "subject": "Chemistry",
            "root_id": "_QUE_QN52",
            "selected_answer_id": "",
            "selected_answer": "",
            "marked_for_review": false,
            "attempted": false
        },
        {
            "question_no": 53,
            "subject": "Chemistry",
            "root_id": "_QUE_QN53",
            "selected_answer_id": "",
            "selected_answer": "",
            "marked_for_review": false,
            "attempted": false
        },
        {
            "question_no": 54,
            "subject": "Chemistry",
            "root_id": "_QUE_QN54",
            "selected_answer_id": "",
            "selected_answer": "",
            "marked_for_review": false,
            "attempted": false
        },
        {
            "question_no": 55,
            "subject": "Chemistry",
            "root_id": "_QUE_QN55",
            "selected_answer_id": "",
            "selected_answer": "",
            "marked_for_review": false,
            "attempted": false
        },
        {
            "question_no": 56,
            "subject": "Chemistry",
            "root_id": "_QUE_QN56",
            "selected_answer_id": "",
            "selected_answer": "",
            "marked_for_review": false,
            "attempted": false
        },
        {
            "question_no": 57,
            "subject": "Chemistry",
            "root_id": "_QUE_QN57",
            "selected_answer_id": "",
            "selected_answer": "",
            "marked_for_review": false,
            "attempted": false
        },
        {
            "question_no": 58,
            "subject": "Chemistry",
            "root_id": "_QUE_QN58",
            "selected_answer_id": "",
            "selected_answer": "",
            "marked_for_review": false,
            "attempted": false
        },
        {
            "question_no": 59,
            "subject": "Chemistry",
            "root_id": "_QUE_QN59",
            "selected_answer_id": "",
            "selected_answer": "",
            "marked_for_review": false,
            "attempted": false
        },
        {
            "question_no": 60,
            "subject": "Chemistry",
            "root_id": "_QUE_QN60",
            "selected_answer_id": "",
            "selected_answer": "",
            "marked_for_review": false,
            "attempted": false
        },
        {
            "question_no": 61,
            "subject": "Chemistry",
            "root_id": "_QUE_QN61",
            "selected_answer_id": "",
            "selected_answer": "",
            "marked_for_review": false,
            "attempted": false
        },
        {
            "question_no": 62,
            "subject": "Chemistry",
            "root_id": "_QUE_QN62",
            "selected_answer_id": "",
            "selected_answer": "",
            "marked_for_review": false,
            "attempted": false
        },
        {
            "question_no": 63,
            "subject": "Chemistry",
            "root_id": "_QUE_QN63",
            "selected_answer_id": "",
            "selected_answer": "",
            "marked_for_review": false,
            "attempted": false
        },
        {
            "question_no": 64,
            "subject": "Chemistry",
            "root_id": "_QUE_QN64",
            "selected_answer_id": "",
            "selected_answer": "",
            "marked_for_review": false,
            "attempted": false
        },
        {
            "question_no": 65,
            "subject": "Chemistry",
            "root_id": "_QUE_QN65",
            "selected_answer_id": "",
            "selected_answer": "",
            "marked_for_review": false,
            "attempted": false
        },
        {
            "question_no": 66,
            "subject": "Chemistry",
            "root_id": "_QUE_QN66",
            "selected_answer_id": "",
            "selected_answer": "",
            "marked_for_review": false,
            "attempted": false
        },
        {
            "question_no": 67,
            "subject": "Chemistry",
            "root_id": "_QUE_QN67",
            "selected_answer_id": "",
            "selected_answer": "",
            "marked_for_review": false,
            "attempted": false
        },
        {
            "question_no": 68,
            "subject": "Chemistry",
            "root_id": "_QUE_QN68",
            "selected_answer_id": "",
            "selected_answer": "",
            "marked_for_review": false,
            "attempted": false
        },
        {
            "question_no": 69,
            "subject": "Chemistry",
            "root_id": "_QUE_QN69",
            "selected_answer_id": "",
            "selected_answer": "",
            "marked_for_review": false,
            "attempted": false
        },
        {
            "question_no": 70,
            "subject": "Chemistry",
            "root_id": "_QUE_QN70",
            "selected_answer_id": "",
            "selected_answer": "",
            "marked_for_review": false,
            "attempted": false
        },
        {
            "question_no": 71,
            "subject": "Chemistry",
            "root_id": "_QUE_QN71",
            "selected_answer_id": "",
            "selected_answer": "",
            "marked_for_review": false,
            "attempted": false
        },
        {
            "question_no": 72,
            "subject": "Chemistry",
            "root_id": "_QUE_QN72",
            "selected_answer_id": "",
            "selected_answer": "",
            "marked_for_review": false,
            "attempted": false
        },
        {
            "question_no": 73,
            "subject": "Chemistry",
            "root_id": "_QUE_QN73",
            "selected_answer_id": "",
            "selected_answer": "",
            "marked_for_review": false,
            "attempted": false
        },
        {
            "question_no": 74,
            "subject": "Chemistry",
            "root_id": "_QUE_QN74",
            "selected_answer_id": "",
            "selected_answer": "",
            "marked_for_review": false,
            "attempted": false
        },
        {
            "question_no": 75,
            "subject": "Chemistry",
            "root_id": "_QUE_QN75",
            "selected_answer_id": "",
            "selected_answer": "",
            "marked_for_review": false,
            "attempted": false
        },
        {
            "question_no": 76,
            "subject": "Chemistry",
            "root_id": "_QUE_QN76",
            "selected_answer_id": "",
            "selected_answer": "",
            "marked_for_review": false,
            "attempted": false
        },
        {
            "question_no": 77,
            "subject": "Chemistry",
            "root_id": "_QUE_QN77",
            "selected_answer_id": "",
            "selected_answer": "",
            "marked_for_review": false,
            "attempted": false
        },
        {
            "question_no": 78,
            "subject": "Chemistry",
            "root_id": "_QUE_QN78",
            "selected_answer_id": "",
            "selected_answer": "",
            "marked_for_review": false,
            "attempted": false
        },
        {
            "question_no": 79,
            "subject": "Chemistry",
            "root_id": "_QUE_QN79",
            "selected_answer_id": "",
            "selected_answer": "",
            "marked_for_review": false,
            "attempted": false
        },
        {
            "question_no": 80,
            "subject": "Chemistry",
            "root_id": "_QUE_QN80",
            "selected_answer_id": "",
            "selected_answer": "",
            "marked_for_review": false,
            "attempted": false
        },
        {
            "question_no": 81,
            "subject": "Mathematics",
            "root_id": "_QUE_QN81",
            "selected_answer_id": "",
            "selected_answer": "",
            "marked_for_review": false,
            "attempted": false
        },
        {
            "question_no": 82,
            "subject": "Mathematics",
            "root_id": "_QUE_QN82",
            "selected_answer_id": "",
            "selected_answer": "",
            "marked_for_review": false,
            "attempted": false
        },
        {
            "question_no": 83,
            "subject": "Mathematics",
            "root_id": "_QUE_QN83",
            "selected_answer_id": "",
            "selected_answer": "",
            "marked_for_review": false,
            "attempted": false
        },
        {
            "question_no": 84,
            "subject": "Mathematics",
            "root_id": "_QUE_QN84",
            "selected_answer_id": "",
            "selected_answer": "",
            "marked_for_review": false,
            "attempted": false
        },
        {
            "question_no": 85,
            "subject": "Mathematics",
            "root_id": "_QUE_QN85",
            "selected_answer_id": "",
            "selected_answer": "",
            "marked_for_review": false,
            "attempted": false
        },
        {
            "question_no": 86,
            "subject": "Mathematics",
            "root_id": "_QUE_QN86",
            "selected_answer_id": "",
            "selected_answer": "",
            "marked_for_review": false,
            "attempted": false
        },
        {
            "question_no": 87,
            "subject": "Mathematics",
            "root_id": "_QUE_QN87",
            "selected_answer_id": "",
            "selected_answer": "",
            "marked_for_review": false,
            "attempted": false
        },
        {
            "question_no": 88,
            "subject": "Mathematics",
            "root_id": "_QUE_QN88",
            "selected_answer_id": "",
            "selected_answer": "",
            "marked_for_review": false,
            "attempted": false
        },
        {
            "question_no": 89,
            "subject": "Mathematics",
            "root_id": "_QUE_QN89",
            "selected_answer_id": "",
            "selected_answer": "",
            "marked_for_review": false,
            "attempted": false
        },
        {
            "question_no": 90,
            "subject": "Mathematics",
            "root_id": "_QUE_QN90",
            "selected_answer_id": "",
            "selected_answer": "",
            "marked_for_review": false,
            "attempted": false
        },
        {
            "question_no": 91,
            "subject": "Mathematics",
            "root_id": "_QUE_QN91",
            "selected_answer_id": "",
            "selected_answer": "",
            "marked_for_review": false,
            "attempted": false
        },
        {
            "question_no": 92,
            "subject": "Mathematics",
            "root_id": "_QUE_QN92",
            "selected_answer_id": "",
            "selected_answer": "",
            "marked_for_review": false,
            "attempted": false
        },
        {
            "question_no": 93,
            "subject": "Mathematics",
            "root_id": "_QUE_QN93",
            "selected_answer_id": "",
            "selected_answer": "",
            "marked_for_review": false,
            "attempted": false
        },
        {
            "question_no": 94,
            "subject": "Mathematics",
            "root_id": "_QUE_QN94",
            "selected_answer_id": "",
            "selected_answer": "",
            "marked_for_review": false,
            "attempted": false
        },
        {
            "question_no": 95,
            "subject": "Mathematics",
            "root_id": "_QUE_QN95",
            "selected_answer_id": "",
            "selected_answer": "",
            "marked_for_review": false,
            "attempted": false
        },
        {
            "question_no": 96,
            "subject": "Mathematics",
            "root_id": "_QUE_QN96",
            "selected_answer_id": "",
            "selected_answer": "",
            "marked_for_review": false,
            "attempted": false
        },
        {
            "question_no": 97,
            "subject": "Mathematics",
            "root_id": "_QUE_QN97",
            "selected_answer_id": "",
            "selected_answer": "",
            "marked_for_review": false,
            "attempted": false
        },
        {
            "question_no": 98,
            "subject": "Mathematics",
            "root_id": "_QUE_QN98",
            "selected_answer_id": "",
            "selected_answer": "",
            "marked_for_review": false,
            "attempted": false
        },
        {
            "question_no": 99,
            "subject": "Mathematics",
            "root_id": "_QUE_QN99",
            "selected_answer_id": "",
            "selected_answer": "",
            "marked_for_review": false,
            "attempted": false
        },
        {
            "question_no": 100,
            "subject": "Mathematics",
            "root_id": "_QUE_QN100",
            "selected_answer_id": "",
            "selected_answer": "",
            "marked_for_review": false,
            "attempted": false
        },
        {
            "question_no": 101,
            "subject": "Mathematics",
            "root_id": "_QUE_QN101",
            "selected_answer_id": "",
            "selected_answer": "",
            "marked_for_review": false,
            "attempted": false
        },
        {
            "question_no": 102,
            "subject": "Mathematics",
            "root_id": "_QUE_QN102",
            "selected_answer_id": "",
            "selected_answer": "",
            "marked_for_review": false,
            "attempted": false
        },
        {
            "question_no": 103,
            "subject": "Mathematics",
            "root_id": "_QUE_QN103",
            "selected_answer_id": "",
            "selected_answer": "",
            "marked_for_review": false,
            "attempted": false
        },
        {
            "question_no": 104,
            "subject": "Mathematics",
            "root_id": "_QUE_QN104",
            "selected_answer_id": "",
            "selected_answer": "",
            "marked_for_review": false,
            "attempted": false
        },
        {
            "question_no": 105,
            "subject": "Mathematics",
            "root_id": "_QUE_QN105",
            "selected_answer_id": "",
            "selected_answer": "",
            "marked_for_review": false,
            "attempted": false
        },
        {
            "question_no": 106,
            "subject": "Mathematics",
            "root_id": "_QUE_QN106",
            "selected_answer_id": "",
            "selected_answer": "",
            "marked_for_review": false,
            "attempted": false
        },
        {
            "question_no": 107,
            "subject": "Mathematics",
            "root_id": "_QUE_QN107",
            "selected_answer_id": "",
            "selected_answer": "",
            "marked_for_review": false,
            "attempted": false
        },
        {
            "question_no": 108,
            "subject": "Mathematics",
            "root_id": "_QUE_QN108",
            "selected_answer_id": "",
            "selected_answer": "",
            "marked_for_review": false,
            "attempted": false
        },
        {
            "question_no": 109,
            "subject": "Mathematics",
            "root_id": "_QUE_QN109",
            "selected_answer_id": "",
            "selected_answer": "",
            "marked_for_review": false,
            "attempted": false
        },
        {
            "question_no": 110,
            "subject": "Mathematics",
            "root_id": "_QUE_QN110",
            "selected_answer_id": "",
            "selected_answer": "",
            "marked_for_review": false,
            "attempted": false
        },
        {
            "question_no": 111,
            "subject": "Mathematics",
            "root_id": "_QUE_QN111",
            "selected_answer_id": "",
            "selected_answer": "",
            "marked_for_review": false,
            "attempted": false
        },
        {
            "question_no": 112,
            "subject": "Mathematics",
            "root_id": "_QUE_QN112",
            "selected_answer_id": "",
            "selected_answer": "",
            "marked_for_review": false,
            "attempted": false
        },
        {
            "question_no": 113,
            "subject": "Mathematics",
            "root_id": "_QUE_QN113",
            "selected_answer_id": "",
            "selected_answer": "",
            "marked_for_review": false,
            "attempted": false
        },
        {
            "question_no": 114,
            "subject": "Mathematics",
            "root_id": "_QUE_QN114",
            "selected_answer_id": "",
            "selected_answer": "",
            "marked_for_review": false,
            "attempted": false
        },
        {
            "question_no": 115,
            "subject": "Mathematics",
            "root_id": "_QUE_QN115",
            "selected_answer_id": "",
            "selected_answer": "",
            "marked_for_review": false,
            "attempted": false
        },
        {
            "question_no": 116,
            "subject": "Mathematics",
            "root_id": "_QUE_QN116",
            "selected_answer_id": "",
            "selected_answer": "",
            "marked_for_review": false,
            "attempted": false
        },
        {
            "question_no": 117,
            "subject": "Mathematics",
            "root_id": "_QUE_QN117",
            "selected_answer_id": "",
            "selected_answer": "",
            "marked_for_review": false,
            "attempted": false
        },
        {
            "question_no": 118,
            "subject": "Mathematics",
            "root_id": "_QUE_QN118",
            "selected_answer_id": "",
            "selected_answer": "",
            "marked_for_review": false,
            "attempted": false
        },
        {
            "question_no": 119,
            "subject": "Mathematics",
            "root_id": "_QUE_QN119",
            "selected_answer_id": "",
            "selected_answer": "",
            "marked_for_review": false,
            "attempted": false
        },
        {
            "question_no": 120,
            "subject": "Mathematics",
            "root_id": "_QUE_QN120",
            "selected_answer_id": "",
            "selected_answer": "",
            "marked_for_review": false,
            "attempted": false
        }
    ]
}